{
	 "rootnode": {
		 "name": "unnamed"
		,"transformation": [
			 1
			,0
			,0
			,0
			,0
			,1
			,0
			,0
			,0
			,0
			,1
			,0
			,0
			,0
			,0
			,1
		]
		,"children": [
			{
				 "name": "Cube"
				,"transformation": [
					 1
					,0
					,0
					,0
					,0
					,1
					,0
					,0.485036
					,0
					,0
					,1
					,0
					,0
					,0
					,0
					,1
				]
				,"meshes": [
					 0
				]
			}
			,{
				 "name": "Camera"
				,"transformation": [
					 0.707107
					,-0.235455
					,0.666754
					,6
					,0
					,0.942932
					,0.332984
					,3
					,-0.707107
					,-0.235455
					,0.666754
					,6
					,0
					,0
					,0
					,1
				]
			}
		]
	}
	,"flags": 8
	,"meshes": [
		{
			 "name": "ID8"
			,"materialindex": 0
			,"primitivetypes": 4
			,"vertices": [
				 1
				,2.78724
				,0.842715
				,-1
				,2.78724
				,0.842715
				,-1
				,-2.78724
				,0.842715
				,1
				,-2.78724
				,0.842715
				,1
				,2.78724
				,-0.842715
				,1
				,2.78724
				,0.842715
				,1
				,-2.78724
				,0.842715
				,1
				,-2.78724
				,-0.842715
				,-1
				,2.78724
				,-0.842715
				,1
				,2.78724
				,-0.842715
				,1
				,-2.78724
				,-0.842715
				,-1
				,-2.78724
				,-0.842715
				,-1
				,2.78724
				,0.842715
				,-1
				,2.78724
				,-0.842715
				,-1
				,-2.78724
				,-0.842715
				,-1
				,-2.78724
				,0.842715
				,1
				,2.78724
				,-0.842715
				,-1
				,2.78724
				,-0.842715
				,-1
				,2.78724
				,0.842715
				,1
				,2.78724
				,0.842715
				,1
				,-2.78724
				,0.842715
				,-1
				,-2.78724
				,0.842715
				,-1
				,-2.78724
				,-0.842715
				,1
				,-2.78724
				,-0.842715
			]
			,"normals": [
				 0
				,0
				,1
				,0
				,0
				,1
				,0
				,0
				,1
				,0
				,0
				,1
				,1
				,0
				,-0
				,1
				,0
				,-0
				,1
				,0
				,-0
				,1
				,0
				,-0
				,0
				,0
				,-1
				,0
				,0
				,-1
				,0
				,0
				,-1
				,0
				,0
				,-1
				,-1
				,0
				,-0
				,-1
				,0
				,-0
				,-1
				,0
				,-0
				,-1
				,0
				,-0
				,0
				,1
				,-0
				,0
				,1
				,-0
				,0
				,1
				,-0
				,0
				,1
				,-0
				,0
				,-1
				,-0
				,0
				,-1
				,-0
				,0
				,-1
				,-0
				,0
				,-1
				,-0
			]
			,"tangents": [
				 1
				,0
				,0
				,1
				,0
				,0
				,1
				,0
				,0
				,1
				,0
				,0
				,0
				,0
				,-1
				,0
				,0
				,-1
				,0
				,0
				,-1
				,0
				,0
				,-1
				,-1
				,0
				,0
				,-1
				,0
				,0
				,-1
				,0
				,0
				,-1
				,0
				,0
				,0
				,0
				,1
				,0
				,0
				,1
				,0
				,0
				,1
				,0
				,0
				,1
				,1
				,0
				,0
				,1
				,0
				,0
				,1
				,0
				,0
				,1
				,0
				,0
				,1
				,0
				,0
				,1
				,0
				,0
				,1
				,0
				,0
				,1
				,0
				,0
			]
			,"bitangents": [
				 0
				,-1
				,0
				,0
				,-1
				,0
				,0
				,-1
				,0
				,0
				,-1
				,0
				,0
				,-1
				,0
				,0
				,-1
				,0
				,0
				,-1
				,0
				,0
				,-1
				,0
				,0
				,-1
				,0
				,0
				,-1
				,0
				,0
				,-1
				,0
				,0
				,-1
				,0
				,0
				,-1
				,0
				,0
				,-1
				,0
				,0
				,-1
				,0
				,0
				,-1
				,0
				,0
				,0
				,1
				,0
				,0
				,1
				,0
				,0
				,1
				,0
				,0
				,1
				,0
				,0
				,-1
				,0
				,0
				,-1
				,0
				,0
				,-1
				,0
				,0
				,-1
			]
			,"numuvcomponents": [
				 2
			]
			,"texturecoords": [
				[
					 0.5
					,0.811586
					,0.27642
					,0.811586
					,0.27642
					,0.188414
					,0.5
					,0.188414
					,0.688414
					,0.811586
					,0.5
					,0.811586
					,0.5
					,0.188414
					,0.688414
					,0.188414
					,0.911995
					,0.811586
					,0.688414
					,0.811586
					,0.688414
					,0.188414
					,0.911995
					,0.188414
					,0.27642
					,0.811586
					,0.0880052
					,0.811586
					,0.0880052
					,0.188414
					,0.27642
					,0.188414
					,0.5
					,1
					,0.27642
					,1
					,0.27642
					,0.811586
					,0.5
					,0.811586
					,0.5
					,0.188414
					,0.27642
					,0.188414
					,0.27642
					,0
					,0.5
					,0
				]
			]
			,"faces": [
				[
					 0
					,1
					,2
				]
				,[
					 3
					,0
					,2
				]
				,[
					 4
					,5
					,6
				]
				,[
					 7
					,4
					,6
				]
				,[
					 8
					,9
					,10
				]
				,[
					 11
					,8
					,10
				]
				,[
					 12
					,13
					,14
				]
				,[
					 15
					,12
					,14
				]
				,[
					 16
					,17
					,18
				]
				,[
					 19
					,16
					,18
				]
				,[
					 20
					,21
					,22
				]
				,[
					 23
					,20
					,22
				]
			]
		}
	]
	,"materials": [
		{
			 "properties": [
				{
					 "key": "?mat.name"
					,"semantic": 0
					,"index": 0
					,"type": 3
					,"value": "ID1"
				}
				,{
					 "key": "$mat.shadingm"
					,"semantic": 0
					,"index": 0
					,"type": 4
					,"value": 4
				}
				,{
					 "key": "$mat.twosided"
					,"semantic": 0
					,"index": 0
					,"type": 4
					,"value": 0
				}
				,{
					 "key": "$mat.wireframe"
					,"semantic": 0
					,"index": 0
					,"type": 4
					,"value": 0
				}
				,{
					 "key": "$clr.ambient"
					,"semantic": 0
					,"index": 0
					,"type": 1
					,"value": [
						 0.1
						,0.1
						,0.1
						,1
					]
				}
				,{
					 "key": "$clr.diffuse"
					,"semantic": 0
					,"index": 0
					,"type": 1
					,"value": [
						 0.6
						,0.6
						,0.6
						,1
					]
				}
				,{
					 "key": "$clr.specular"
					,"semantic": 0
					,"index": 0
					,"type": 1
					,"value": [
						 0.2
						,0.2
						,0.2
						,1
					]
				}
				,{
					 "key": "$clr.emissive"
					,"semantic": 0
					,"index": 0
					,"type": 1
					,"value": [
						 0
						,0
						,0
						,1
					]
				}
				,{
					 "key": "$clr.transparent"
					,"semantic": 0
					,"index": 0
					,"type": 1
					,"value": [
						 0
						,0
						,0
						,1
					]
				}
				,{
					 "key": "$clr.reflective"
					,"semantic": 0
					,"index": 0
					,"type": 1
					,"value": [
						 0
						,0
						,0
						,0
					]
				}
				,{
					 "key": "$mat.shininess"
					,"semantic": 0
					,"index": 0
					,"type": 1
					,"value": 0.5
				}
				,{
					 "key": "$mat.reflectivity"
					,"semantic": 0
					,"index": 0
					,"type": 1
					,"value": 1
				}
				,{
					 "key": "$mat.refracti"
					,"semantic": 0
					,"index": 0
					,"type": 1
					,"value": 1
				}
				,{
					 "key": "$mat.opacity"
					,"semantic": 0
					,"index": 0
					,"type": 1
					,"value": 1
				}
				,{
					 "key": "$tex.file"
					,"semantic": 1
					,"index": 0
					,"type": 3
					,"value": "serverrack.png"
				}
				,{
					 "key": "$tex.mapmodeu"
					,"semantic": 1
					,"index": 0
					,"type": 4
					,"value": 0
				}
				,{
					 "key": "$tex.mapmodev"
					,"semantic": 1
					,"index": 0
					,"type": 4
					,"value": 0
				}
				,{
					 "key": "$tex.uvtrafo"
					,"semantic": 1
					,"index": 0
					,"type": 1
					,"value": [
						 0
						,0
						,1
						,1
						,0
					]
				}
				,{
					 "key": "$tex.blend"
					,"semantic": 1
					,"index": 0
					,"type": 1
					,"value": 1
				}
				,{
					 "key": "$tex.uvwsrc"
					,"semantic": 1
					,"index": 0
					,"type": 4
					,"value": 0
				}
			]
		}
	]
	,"cameras": [
		{
			 "name": "Camera"
			,"aspect": 0.75
			,"clipplanefar": 40
			,"clipplanenear": 0.001
			,"horizontalfov": 0.927295
			,"up": [
				 0
				,1
				,0
			]
			,"lookat": [
				 0
				,0
				,-1
			]
		}
	]
}
